{"name":"DU-VHS","targetUrl":"http://detroitunderground.net/du-vhs/","counter":false,"width":720,"height":480,"minWidth":320,"minHeight":240,"showMenuBar":false,"fastQuit":true,"userAgent":"Mozilla/5.0 (Macintosh; Intel Mac OS X 10_12_5) AppleWebKit/537.36 (KHTML, like Gecko) Chrome/58.0.3029.110 Safari/537.36","nativefierVersion":"7.5.4","ignoreCertificate":false,"ignoreGpuBlacklist":false,"enableEs3Apis":false,"insecure":false,"flashPluginDir":null,"diskCacheSize":null,"fullScreen":false,"maximize":false,"disableContextMenu":true,"disableDevTools":true,"zoom":1,"internalUrls":null,"singleInstance":true,"appCopyright":"Powered by VHS, jcnaour.com","appVersion":"1.0.1","buildVersion":"0","win32metadata":{"ProductName":"DU-VHS","InternalName":"DU-VHS","FileDescription":"DU-VHS"},"tray":false,"basicAuthUsername":null,"basicAuthPassword":null}